<?xml version='1.0' encoding='UTF-8' standalone='no'?>
<doxygenindex xmlns:xsi="http://www.w3.org/2001/XMLSchema-instance" xsi:noNamespaceSchemaLocation="index.xsd" version="1.8.3.1">
  <compound refid="namespacestd" kind="namespace"><name>std</name>
  </compound>
  <compound refid="triangle_8cpp" kind="file"><name>triangle.cpp</name>
    <member refid="triangle_8cpp_1a3c04138a5bfe5d72780bb7e82a18e627" kind="function"><name>main</name></member>
  </compound>
  <compound refid="triangle_8d" kind="file"><name>triangle.d</name>
  </compound>
</doxygenindex>
