<?xml version='1.0' encoding='UTF-8' standalone='no'?>
<doxygen xmlns:xsi="http://www.w3.org/2001/XMLSchema-instance" xsi:noNamespaceSchemaLocation="compound.xsd" version="1.8.3.1">
  <compounddef id="namespacestd" kind="namespace">
    <compoundname>std</compoundname>
    <briefdescription>
    </briefdescription>
    <detaileddescription>
<para>Briefing From the lecture: Allow the user to enter from the keyboard three points in 3D space. or have the option of generating randomly from -100 and +100 in each direction</para><para>Is the input points (X,Y) or is it (X,Y,Z) Input as a coordinate point.. </para>    </detaileddescription>
    <location file="/home/stanley/code/cpp/triangles/triangle.cpp" line="15"/>
  </compounddef>
</doxygen>
